company,position,location,tags,url,date_posted,salary_avg,scraped_on
EverAI,Ruby on Rails Engineer,,"front end, ruby",https://remoteOK.com/remote-jobs/remote-ruby-on-rails-engineer-everai-1093272,2025-05-29T17:55:24+00:00,100000.0,2025-05-30
Raya,Senior Backend Engineer,Remote,"design, system, training, technical, support, software, ux, elasticsearch, node.js, lead, senior, go, engineer, engineering, educational, backend, digital nomad",https://remoteOK.com/remote-jobs/remote-senior-backend-engineer-raya-1093271,2025-05-29T16:00:09+00:00,100000.0,2025-05-30
Zeta,UX Designer II,Bangalore,"ux, design, front-end, designer, support, banking, senior, digital nomad",https://remoteOK.com/remote-jobs/remote-ux-designer-ii-zeta-1093268,2025-05-29T12:00:35+00:00,135000.0,2025-05-30
Founders Factory,Tech Cofounder CTO,,"dev, full stack, api, engineer, senior, mobile",https://remoteOK.com/remote-jobs/remote-tech-cofounder-cto-founders-factory-1093267,2025-05-29T11:44:49+00:00,80000.0,2025-05-30
97Focus,Meta Ads Specialist,,marketing,https://remoteOK.com/remote-jobs/remote-meta-ads-specialist-97focus-1093265,2025-05-29T08:27:40+00:00,60000.0,2025-05-30
Elevate,Senior Full Stack Engineer,,"engineer, senior, dev, full stack, english, javascript",https://remoteOK.com/remote-jobs/remote-senior-full-stack-engineer-elevate-1093263,2025-05-28T21:00:14+00:00,50000.0,2025-05-30
HELIX,DeFi Sales & Business Development Manager,,"defi, manager, web3, crypto, growth, investor, strategy, marketing, sales",https://remoteOK.com/remote-jobs/remote-defi-sales-business-development-manager-helix-1093261,2025-05-28T19:00:05+00:00,58750.0,2025-05-30
HockeyStack,Senior Backend Engineer,,"dev, javascript, backend, api, engineer",https://remoteOK.com/remote-jobs/remote-senior-backend-engineer-hockeystack-1093257,2025-05-27T21:55:03+00:00,90000.0,2025-05-30
Bitwise Asset Management,Frontend Software Engineer,Remote,"frontend, software, design, crypto, bitcoin, ethereum, ui, ux, code, financial, investment, finance, css, typescript, exec, management, lead, marketing, analytics, engineer, engineering, digital nomad",https://remoteOK.com/remote-jobs/remote-frontend-software-engineer-bitwise-asset-management-1093256,2025-05-27T18:00:03+00:00,97500.0,2025-05-30
WEBTOON Entertainment Inc. (Wattpad &amp; WEBTOON Family of Brands),Wattpad Marketing Intern,"Toronto, Ontario","software, management, content, marketing, internship",https://remoteOK.com/remote-jobs/remote-wattpad-marketing-intern-webtoon-entertainment-inc-wattpad-amp-webtoon-family-of-brands-1093255,2025-05-27T16:00:24+00:00,47500.0,2025-05-30
pagesection.com,SEO guest posting & outreach freelancer,,"content writing, seo, marketing",https://remoteOK.com/remote-jobs/remote-seo-guest-posting-outreach-freelancer-pagesection-com-1093254,2025-05-27T14:25:52+00:00,10000.0,2025-05-30
Lemon.io,Senior Full stack Developer,,"engineer, senior, dev, javascript, backend, full stack, design, react, saas, full time, ruby, python, node, crypto, web dev, nosql, shopify, wordpress, blockchain, web3, typescript, aws, solidity, pyton, django, startup, azure, figma, next, gcp, remote, PostgreSQL",https://remoteOK.com/remote-jobs/remote-senior-full-stack-developer-lemon-io-1093252,2025-05-27T09:56:21+00:00,115000.0,2025-05-30
Sanctuary Computer,Senior Account Lead,,"dev, exec, sys admin, saas, devops",https://remoteOK.com/remote-jobs/remote-senior-account-lead-sanctuary-computer-1093250,2025-05-26T15:46:29+00:00,225000.0,2025-05-30
Narwhal Technologies Inc.,Developer Productivity Engineer,Remote,"developer, training, technical, support, travel, cloud, lead, senior, sales, engineer, engineering, digital nomad",https://remoteOK.com/remote-jobs/remote-developer-productivity-engineer-narwhal-technologies-inc-1093249,2025-05-26T13:00:02+00:00,83750.0,2025-05-30
Anchorage Digital,Growth Analyst Financial Institutions Group,United States,"growth, analyst, crypto, security, support, financial, finance, bank, strategy, legal",https://remoteOK.com/remote-jobs/remote-growth-analyst-financial-institutions-group-anchorage-digital-1093248,2025-05-26T12:00:03+00:00,77500.0,2025-05-30
Flex,Paid Media Designer,Remote,"design, designer, software, testing, test, growth, manager, financial, video, finance, fintech, ads, content, marketing, analytics, legal, digital nomad",https://remoteOK.com/remote-jobs/remote-paid-media-designer-flex-1093247,2025-05-26T11:00:03+00:00,87500.0,2025-05-30
Payara,Spanish Speaking Software Support Engineer,,"dev, engineer, java",https://remoteOK.com/remote-jobs/remote-spanish-speaking-software-support-engineer-payara-1093246,2025-05-26T09:05:18+00:00,20000.0,2025-05-30
Smart Working Solutions,Full Stack .NET Developer,,"developer, jira, front-end, back-end, technical, code, web, devops, javascript, microsoft, management, full-time, digital nomad",https://remoteOK.com/remote-jobs/remote-full-stack-net-developer-smart-working-solutions-1093245,2025-05-26T08:00:04+00:00,77500.0,2025-05-30
wander.com,Typescript Engineer,,dev,https://remoteOK.com/remote-jobs/remote-typescript-engineer-wander-com-1093244,2025-05-26T01:29:59+00:00,125000.0,2025-05-30
Dscout,AI Technical Program Manager,United States,"manager, full-stack, technical, support, software, test, growth, code, education, leader, lead, content, senior",https://remoteOK.com/remote-jobs/remote-ai-technical-program-manager-dscout-1093243,2025-05-26T00:03:30+00:00,105000.0,2025-05-30
Distru,Implementation Specialist,Remote,"training, cfo, technical, software, happiness, management, operations, sales, engineering, full-time",https://remoteOK.com/remote-jobs/remote-implementation-specialist-distru-1093242,2025-05-26T00:03:18+00:00,62500.0,2025-05-30
Everly Health,Certified Medical Assistant,Nationwide,"assistant, technical, support, video, education, medical, health",https://remoteOK.com/remote-jobs/remote-certified-medical-assistant-everly-health-1093241,2025-05-26T00:03:11+00:00,75000.0,2025-05-30
"ACCUFILE, INC.",Research Analyst Law Librarian,,"analyst, support, analytics, legal, non tech",https://remoteOK.com/remote-jobs/remote-research-analyst-law-librarian-accufile-inc-1093240,2025-05-26T00:03:05+00:00,95000.0,2025-05-30
RainFocus,Project Manager,"Lehi, Utah","manager, training, consulting, technical, support, software, travel, financial, microsoft, management, marketing",https://remoteOK.com/remote-jobs/remote-project-manager-rainfocus-1093239,2025-05-26T00:02:57+00:00,100000.0,2025-05-30
AllTrails,Software Engineer II Android,Remote,"software, design, training, testing, test, ui, education, investment, java, mobile, android, go, engineer, digital nomad",https://remoteOK.com/remote-jobs/remote-software-engineer-ii-android-alltrails-1093238,2025-05-26T00:02:35+00:00,101250.0,2025-05-30
Athena,Psychotherapist,"New York, NY","health, non tech",https://remoteOK.com/remote-jobs/remote-psychotherapist-athena-1093237,2025-05-26T00:02:27+00:00,60000.0,2025-05-30
Huckleberry Labs,Editorial Writer,"Los Angeles, CA","training, technical, writer, support, seo, mobile, management, content, part-time",https://remoteOK.com/remote-jobs/remote-editorial-writer-huckleberry-labs-1093236,2025-05-26T00:02:20+00:00,50000.0,2025-05-30
Hostaway,Staff Mobile Engineer React Native Europe,,"react, design, ios, saas, security, technical, testing, test, growth, web, javascript, git, api, mobile, management, android, health, engineer, backend, digital nomad",https://remoteOK.com/remote-jobs/remote-staff-mobile-engineer-react-native-europe-hostaway-1093235,2025-05-26T00:02:03+00:00,92500.0,2025-05-30
TransPerfect,English Language Data Annotator,,"react, teach, training, legal, recruitment, full-time, non tech",https://remoteOK.com/remote-jobs/remote-english-language-data-annotator-transperfect-1093234,2025-05-26T00:01:52+00:00,82500.0,2025-05-30
TransPerfect,Audio Annotator,,"voice, speech",https://remoteOK.com/remote-jobs/remote-audio-annotator-transperfect-1093233,2025-05-26T00:01:46+00:00,0.0,2025-05-30
Meeting Tomorrow,Graphic Designer Fully Position,Remote - United States only,"design, designer, technical, support, voice, management, marketing, digital nomad",https://remoteOK.com/remote-jobs/remote-graphic-designer-fully-position-meeting-tomorrow-1093232,2025-05-26T00:01:33+00:00,135000.0,2025-05-30
Included Health,Physician,Remote,"support, medical, health, healthcare, recruiting, non tech",https://remoteOK.com/remote-jobs/remote-physician-included-health-1093231,2025-05-26T00:01:25+00:00,60000.0,2025-05-30
TransPerfect,Freelance English Annotator United States,,"voice, speech",https://remoteOK.com/remote-jobs/remote-freelance-english-annotator-united-states-transperfect-1093230,2025-05-26T00:00:34+00:00,0.0,2025-05-30
H1,People Analytics Business Partner,US Remote,"design, saas, hr, recruiter, support, payroll, strategy, management, lead, operations, analytics, biotech, health, healthcare, digital nomad",https://remoteOK.com/remote-jobs/remote-people-analytics-business-partner-h1-1093225,2025-05-25T05:00:03+00:00,42500.0,2025-05-30
Magnet Forensics,Technical Lead DevOps,United States,"saas, embedded, security, technical, support, software, code, devops, cloud, git, leader, management, lead, operations, sales, recruitment, linux",https://remoteOK.com/remote-jobs/remote-technical-lead-devops-magnet-forensics-1093224,2025-05-24T20:00:03+00:00,65000.0,2025-05-30
MediaLab,Full Stack Engineer,Remote U.S.,"design, react, front-end, frontend, security, music, full-stack, technical, transcribe, code, ruby, rails, reliability, engineer, engineering, backend, digital nomad",https://remoteOK.com/remote-jobs/remote-full-stack-engineer-medialab-1093223,2025-05-23T20:00:01+00:00,100000.0,2025-05-30
Contra,Senior Software Engineer,,"engineer, full stack, dev",https://remoteOK.com/remote-jobs/remote-senior-software-engineer-contra-1093221,2025-05-23T14:44:28+00:00,135000.0,2025-05-30
CI&amp;T,Job 23799 SÃªnior Java Developer Brazil,Brazil,"developer, design, front-end, devops, java, digital nomad",https://remoteOK.com/remote-jobs/remote-job-23799-senior-java-developer-brazil-ciampt-1093219,2025-05-23T00:00:06+00:00,82500.0,2025-05-30
Titan,Software Engineer,"Bengaluru, Karnataka","software, design, frontend, test, growth, code, web, lead, marketing, health, engineer, backend, digital nomad",https://remoteOK.com/remote-jobs/remote-software-engineer-titan-1093216,2025-05-22T14:00:04+00:00,90000.0,2025-05-30
Sei Labs,Software Engineer Backend Fullstack,,"software, web3, full-stack, cloud, management, engineer, engineering, backend, fullstack",https://remoteOK.com/remote-jobs/remote-software-engineer-backend-fullstack-sei-labs-1093215,2025-05-22T12:00:03+00:00,72500.0,2025-05-30
HealthCare,Jr Business Analyst,Remote,"analyst, students, technical, support, software, growth, microsoft, senior, operations, operational, marketing, excel, sales, health, medical, internship",https://remoteOK.com/remote-jobs/remote-jr-business-analyst-healthcare-1093213,2025-05-22T08:00:12+00:00,62500.0,2025-05-30
Neon Pagamentos,Pessoa Advogada Jr Privacidade e ProteÃ§Ã£o de Dados,Remoto,"design, digital nomad",https://remoteOK.com/remote-jobs/remote-pessoa-advogada-jr-privacidade-e-protecao-de-dados-neon-pagamentos-1093211,2025-05-22T00:00:07+00:00,157500.0,2025-05-30
Prime design and build,project manager,,"project manager, excel, design, other",https://remoteOK.com/remote-jobs/remote-project-manager-prime-design-and-build-1093210,2025-05-21T23:37:25+00:00,20000.0,2025-05-30
AE Virtual Class,Languages Instructors,,other,https://remoteOK.com/remote-jobs/remote-languages-instructors-ae-virtual-class-1093209,2025-05-21T21:44:44+00:00,10000.0,2025-05-30
Foodsmart,Data Analyst,US,"analyst, python, growth, education, investment, operations, health, healthcare, engineering, executive",https://remoteOK.com/remote-jobs/remote-data-analyst-foodsmart-1093207,2025-05-21T00:00:09+00:00,92500.0,2025-05-30
Ringbook,Senior Full Stack developer,,"senior, dev, full stack",https://remoteOK.com/remote-jobs/remote-senior-full-stack-developer-ringbook-1093206,2025-05-20T21:53:04+00:00,25000.0,2025-05-30
Coin Market Cap Ltd,TikTok Video Director,,"director, design, web3, copywriting, video, post-production, seo, content, analytics, digital nomad",https://remoteOK.com/remote-jobs/remote-tiktok-video-director-coin-market-cap-ltd-1093205,2025-05-20T18:00:02+00:00,67500.0,2025-05-30
Anchorage Digital,Member of Compliance Sanctions,United States,"crypto, cryptocurrency, system, security, support, testing, growth, travel, manager, financial, finance, bank, strategy, management, analytics, legal",https://remoteOK.com/remote-jobs/remote-member-of-compliance-sanctions-anchorage-digital-1093202,2025-05-20T12:00:04+00:00,80000.0,2025-05-30
Anchorage Digital,Member of Product Marketing Protocols,United States,"crypto, security, technical, support, copywriting, growth, financial, finance, bank, lead, content, marketing, legal, sales, educational",https://remoteOK.com/remote-jobs/remote-member-of-product-marketing-protocols-anchorage-digital-1093197,2025-05-19T11:00:03+00:00,55000.0,2025-05-30
Ironclad,Manager Engineering II Data Pipelines,San Francisco,"manager, design, hr, docker, technical, software, testing, growth, cloud, leader, management, operational, legal, sales, health, engineering, digital nomad",https://remoteOK.com/remote-jobs/remote-manager-engineering-ii-data-pipelines-ironclad-1093192,2025-05-17T13:00:04+00:00,82500.0,2025-05-30
PIP Labs,Visual Designer,US,"design, web3, designer, management, content, senior, marketing, digital nomad",https://remoteOK.com/remote-jobs/remote-visual-designer-pip-labs-1093190,2025-05-16T22:00:03+00:00,115000.0,2025-05-30
Symmetry Systems,Marketing Design Intern 2025 Summer Intern,Remote,"design, security, technical, support, software, video, management, content, marketing, digital nomad",https://remoteOK.com/remote-jobs/remote-marketing-design-intern-2025-summer-intern-symmetry-systems-1093189,2025-05-16T11:00:10+00:00,75000.0,2025-05-30
Blueland,Lifecycle Marketing Associate,Remote,"support, growth, investment, strategy, management, marketing, part-time",https://remoteOK.com/remote-jobs/remote-lifecycle-marketing-associate-blueland-1093188,2025-05-16T11:00:03+00:00,50000.0,2025-05-30
Anchorage Digital,Member of Product Trading,United States,"design, crypto, cryptocurrency, swift, security, technical, growth, voice, manager, financial, finance, bank, strategy, management, senior, legal, engineering, digital nomad",https://remoteOK.com/remote-jobs/remote-member-of-product-trading-anchorage-digital-1093187,2025-05-16T10:00:03+00:00,96250.0,2025-05-30
EnableComp,Associate Attorney,,"training, support, growth, financial, strategy, management, senior, legal, health, healthcare",https://remoteOK.com/remote-jobs/remote-associate-attorney-enablecomp-1093185,2025-05-16T00:00:06+00:00,121250.0,2025-05-30
,,,"sales, non tech",https://remoteOK.com/remote-jobs/remote-1093182,2025-05-15T18:00:01+00:00,53750.0,2025-05-30
Interaction Design Foundation,Member Support Unicorn,,"admin, customer support, social media",https://remoteOK.com/remote-jobs/remote-member-support-unicorn-interaction-design-foundation-1093181,2025-05-15T11:41:41+00:00,380000.0,2025-05-30
Notabene,Staff Frontend Engineer,,"frontend, design, crypto, cryptocurrency, system, front-end, security, full-stack, technical, support, software, growth, code, web, manager, financial, fintech, typescript, lead, junior, reliability, engineer, engineering, digital nomad",https://remoteOK.com/remote-jobs/remote-staff-frontend-engineer-notabene-1093179,2025-05-15T10:00:03+00:00,90000.0,2025-05-30
Warner Music Inc.,Staff Machine Learning Engineer,,"music, design, system, training, software, cloud, junior, engineer, engineering, full-time, digital nomad",https://remoteOK.com/remote-jobs/remote-staff-machine-learning-engineer-warner-music-inc-1093176,2025-05-15T00:00:20+00:00,78750.0,2025-05-30
Qualdoc,Recruiter,,"system, recruiter, support, manager, microsoft, recruiting, recruitment",https://remoteOK.com/remote-jobs/remote-recruiter-qualdoc-1093175,2025-05-15T00:00:09+00:00,0.0,2025-05-30
Contra,Social Media Expert,,social media,https://remoteOK.com/remote-jobs/remote-social-media-expert-contra-1093173,2025-05-14T22:23:33+00:00,135000.0,2025-05-30
Contra,App Designer,,designer,https://remoteOK.com/remote-jobs/remote-app-designer-contra-1093171,2025-05-14T22:22:19+00:00,135000.0,2025-05-30
Daisychain,Full Stack Software Engineer,,"engineer, dev, javascript, ruby, postgres, vue, typescript, redis, aws",https://remoteOK.com/remote-jobs/remote-full-stack-software-engineer-daisychain-1093170,2025-05-14T15:01:34+00:00,115000.0,2025-05-30
Trial Library,Testing Engineer,"San Francisco, CA","testing, system, frontend, security, python, software, test, code, qa, typescript, api, reliability, health, healthcare, engineer, engineering, backend",https://remoteOK.com/remote-jobs/remote-testing-engineer-trial-library-1093169,2025-05-14T00:00:07+00:00,95000.0,2025-05-30
Find,Accountant,Sliema,"accountant, support, controller, accounting, financial, finance, microsoft, management, operations, non tech",https://remoteOK.com/remote-jobs/remote-accountant-find-1093168,2025-05-13T16:00:31+00:00,45000.0,2025-05-30
Find,Commercial Content Editor,,"crypto, cryptocurrency, financial, seo, management, content, operations, sales, non tech",https://remoteOK.com/remote-jobs/remote-commercial-content-editor-find-1093167,2025-05-13T16:00:25+00:00,51250.0,2025-05-30
Oowlish Technology,Salesforce Engineer,,"salesforce, software, growth, engineer",https://remoteOK.com/remote-jobs/remote-salesforce-engineer-oowlish-technology-1093164,2025-05-13T08:00:16+00:00,92500.0,2025-05-30
Bluelight Consulting,Account Coordinator,"Indianapolis, Indiana","consulting, training, coordinator, support, growth, manager, education, management, content, senior, marketing",https://remoteOK.com/remote-jobs/remote-account-coordinator-bluelight-consulting-1093163,2025-05-13T08:00:10+00:00,115000.0,2025-05-30
AVA Foundation,Head of Growth,Anywhere,"growth, design, web3, crypto, test, travel, strategy, management, lead, digital nomad",https://remoteOK.com/remote-jobs/remote-head-of-growth-ava-foundation-1093162,2025-05-13T06:00:04+00:00,60000.0,2025-05-30
Public Cloud Group,Werkstudent im Bereich SAP &amp; Cloud Automation,Alle,"python, cloud, linux",https://remoteOK.com/remote-jobs/remote-werkstudent-im-bereich-sap-amp-cloud-automation-public-cloud-group-1093160,2025-05-12T16:00:04+00:00,67500.0,2025-05-30
WunderGraph,Senior Golang Engineer,,"golang, graphql, senior, golang, engineer",https://remoteOK.com/remote-jobs/remote-senior-golang-engineer-wundergraph-1093159,2025-05-12T10:15:02+00:00,95000.0,2025-05-30
bloXroute Labs,Software Engineering Team Lead,Remote,"software, support, testing, growth, code, lead, go, engineering, backend",https://remoteOK.com/remote-jobs/remote-software-engineering-team-lead-bloxroute-labs-1093158,2025-05-12T09:00:02+00:00,88750.0,2025-05-30
Bounteous,Salesforce Lead,India,"salesforce, design, security, consultancy, technical, software, management, lead, analytics, legal, digital nomad",https://remoteOK.com/remote-jobs/remote-salesforce-lead-bounteous-1093155,2025-05-11T16:00:19+00:00,95000.0,2025-05-30
FiscalNote,Mid Market Sales Account Executive,United States - Remote,"salesforce, training, support, software, leader, management, lead, sales, recruiting, executive",https://remoteOK.com/remote-jobs/remote-mid-market-sales-account-executive-fiscalnote-1093154,2025-05-11T16:00:12+00:00,76250.0,2025-05-30
Vesta,Support Specialist,Remote,"system, security, support, software, financial, finance, cloud, engineering",https://remoteOK.com/remote-jobs/remote-support-specialist-vesta-1093153,2025-05-11T14:00:03+00:00,66250.0,2025-05-30
Fullscript,Senior Data Analytics Engineer,,"design, python, technical, support, testing, growth, code, devops, financial, cloud, leader, senior, junior, analytics, health, healthcare, engineer, engineering, digital nomad",https://remoteOK.com/remote-jobs/remote-senior-data-analytics-engineer-fullscript-1093152,2025-05-10T21:00:03+00:00,93750.0,2025-05-30
Cozymeal,Digital Editorial Manager,,"manager, support, seo, lead, content",https://remoteOK.com/remote-jobs/remote-digital-editorial-manager-cozymeal-1093151,2025-05-10T13:00:08+00:00,45000.0,2025-05-30
Blotato,Senior Fullstack Software Engineer,,"dev, javascript, typescript, heroku, aws",https://remoteOK.com/remote-jobs/remote-senior-fullstack-software-engineer-blotato-1093150,2025-05-10T01:38:55+00:00,100000.0,2025-05-30
Wintermute,Investment Manager,USA / Remote,"manager, web3, defi, crypto, cryptocurrency, technical, support, software, growth, financial, investment, finance, admin, management",https://remoteOK.com/remote-jobs/remote-investment-manager-wintermute-1093149,2025-05-09T21:00:06+00:00,65000.0,2025-05-30
Blink UX,Content Writer,All Locations,"design, consulting, technical, recruiter, writer, growth, ux, voice, seo, ads, content, marketing, analytics, sales, digital nomad",https://remoteOK.com/remote-jobs/remote-content-writer-blink-ux-1093147,2025-05-09T11:00:11+00:00,61250.0,2025-05-30
Torch,Sales Development Representative,Remote,"support, lead, marketing, sales",https://remoteOK.com/remote-jobs/remote-sales-development-representative-torch-1093146,2025-05-09T11:00:02+00:00,56250.0,2025-05-30
Smallstep,Sr Software Engineer Cross Platform Applications,,"golang, software, engineer",https://remoteOK.com/remote-jobs/remote-sr-software-engineer-cross-platform-applications-smallstep-1093143,2025-05-08T17:15:03+00:00,77500.0,2025-05-30
Smallstep,Sr Software Engineer Backend Web Applications,,"golang, software, web, engineer, backend",https://remoteOK.com/remote-jobs/remote-sr-software-engineer-backend-web-applications-smallstep-1093144,2025-05-08T17:15:03+00:00,77500.0,2025-05-30
"Manta Network, Powered by p0x labs",Web3 Marketing Manager,Anywhere,"web3, manager, voice, content, marketer, marketing, full-time, non tech",https://remoteOK.com/remote-jobs/remote-web3-marketing-manager-manta-network-powered-by-p0x-labs-1093142,2025-05-08T17:00:02+00:00,50000.0,2025-05-30
Risk Labs,Smart Contract Engineer,Remote,"design, defi, crypto, training, game, technical, support, software, code, junior, engineer, engineering, digital nomad",https://remoteOK.com/remote-jobs/remote-smart-contract-engineer-risk-labs-1093140,2025-05-08T09:00:03+00:00,77500.0,2025-05-30
MoonPay,Australia Deputy MLRO,Australia - Remote,"web3, crypto, training, recruiter, support, software, growth, voice, financial, video, finance, management, senior, analytics",https://remoteOK.com/remote-jobs/remote-australia-deputy-mlro-moonpay-1093138,2025-05-07T16:00:08+00:00,70000.0,2025-05-30
Creator Deck,Account Executive,Remote,"content, health, executive",https://remoteOK.com/remote-jobs/remote-account-executive-creator-deck-1093137,2025-05-07T15:00:09+00:00,0.0,2025-05-30
Dapper Labs,Design Centric Senior Front End Engineer,"US / Canada, Remote","design, front-end, frontend, software, code, javascript, css, senior, engineer, digital nomad",https://remoteOK.com/remote-jobs/remote-design-centric-senior-front-end-engineer-dapper-labs-1093136,2025-05-07T14:00:04+00:00,117500.0,2025-05-30
Cast AI,Senior Software Engineer Hosted Team,,"golang, software, senior, engineer",https://remoteOK.com/remote-jobs/remote-senior-software-engineer-hosted-team-cast-ai-1093133,2025-05-07T09:15:04+00:00,95000.0,2025-05-30
Smallstep,Sr Software Engineer,,"golang, software, engineer",https://remoteOK.com/remote-jobs/remote-sr-software-engineer-smallstep-1093132,2025-05-07T08:15:02+00:00,77500.0,2025-05-30
Maxflow BV / CrazyGames,Senior Front End Engineer,,"design, react, front-end, frontend, designer, code, manager, typescript, senior, analytics, engineer, engineering, digital nomad",https://remoteOK.com/remote-jobs/remote-senior-front-end-engineer-maxflow-bv-crazygames-1093131,2025-05-07T08:01:50+00:00,95000.0,2025-05-30
Tether Operations Limited,Technical Documentation Engineer,,"bitcoin, technical, writer, support, growth, code, financial, fintech, git, node.js, leader, ops, engineer",https://remoteOK.com/remote-jobs/remote-technical-documentation-engineer-tether-operations-limited-1093130,2025-05-07T08:01:42+00:00,87500.0,2025-05-30
TransPerfect,Dutch Content Creator,,content,https://remoteOK.com/remote-jobs/remote-dutch-content-creator-transperfect-1093129,2025-05-07T08:01:32+00:00,0.0,2025-05-30
Hostaway,Product Marketing Manager Europe,,"manager, saas, testing, growth, education, strategy, marketing, sales, health",https://remoteOK.com/remote-jobs/remote-product-marketing-manager-europe-hostaway-1093128,2025-05-07T08:01:24+00:00,56250.0,2025-05-30
Actindo AG,Account Executive,,"saas, software, sales, backend, executive",https://remoteOK.com/remote-jobs/remote-account-executive-actindo-ag-1093126,2025-05-07T08:00:55+00:00,62500.0,2025-05-30
EverAI,Ruby on Rails Engineer,,"front end, ruby",https://remoteOK.com/remote-jobs/remote-ruby-on-rails-engineer-everai-1093272,2025-05-29T17:55:24+00:00,100000.0,2025-05-30
Founders Factory,Tech Cofounder CTO,,"dev, full stack, api, engineer, senior, mobile",https://remoteOK.com/remote-jobs/remote-tech-cofounder-cto-founders-factory-1093267,2025-05-29T11:44:49+00:00,80000.0,2025-05-30
97Focus,Meta Ads Specialist,,marketing,https://remoteOK.com/remote-jobs/remote-meta-ads-specialist-97focus-1093265,2025-05-29T08:27:40+00:00,60000.0,2025-05-30
Elevate,Senior Full Stack Engineer,,"engineer, senior, dev, full stack, english, javascript",https://remoteOK.com/remote-jobs/remote-senior-full-stack-engineer-elevate-1093263,2025-05-28T21:00:14+00:00,50000.0,2025-05-30
HELIX,DeFi Sales & Business Development Manager,,"defi, manager, web3, crypto, growth, investor, strategy, marketing, sales",https://remoteOK.com/remote-jobs/remote-defi-sales-business-development-manager-helix-1093261,2025-05-28T19:00:05+00:00,58750.0,2025-05-30
HockeyStack,Senior Backend Engineer,,"dev, javascript, backend, api, engineer",https://remoteOK.com/remote-jobs/remote-senior-backend-engineer-hockeystack-1093257,2025-05-27T21:55:03+00:00,90000.0,2025-05-30
pagesection.com,SEO guest posting & outreach freelancer,,"content writing, seo, marketing",https://remoteOK.com/remote-jobs/remote-seo-guest-posting-outreach-freelancer-pagesection-com-1093254,2025-05-27T14:25:52+00:00,10000.0,2025-05-30
Lemon.io,Senior Full stack Developer,,"engineer, senior, dev, javascript, backend, full stack, design, react, saas, full time, ruby, python, node, crypto, web dev, nosql, shopify, wordpress, blockchain, web3, typescript, aws, solidity, pyton, django, startup, azure, figma, next, gcp, remote, PostgreSQL",https://remoteOK.com/remote-jobs/remote-senior-full-stack-developer-lemon-io-1093252,2025-05-27T09:56:21+00:00,115000.0,2025-05-30
Sanctuary Computer,Senior Account Lead,,"dev, exec, sys admin, saas, devops",https://remoteOK.com/remote-jobs/remote-senior-account-lead-sanctuary-computer-1093250,2025-05-26T15:46:29+00:00,225000.0,2025-05-30
Payara,Spanish Speaking Software Support Engineer,,"dev, engineer, java",https://remoteOK.com/remote-jobs/remote-spanish-speaking-software-support-engineer-payara-1093246,2025-05-26T09:05:18+00:00,20000.0,2025-05-30
Smart Working Solutions,Full Stack .NET Developer,,"developer, jira, front-end, back-end, technical, code, web, devops, javascript, microsoft, management, full-time, digital nomad",https://remoteOK.com/remote-jobs/remote-full-stack-net-developer-smart-working-solutions-1093245,2025-05-26T08:00:04+00:00,77500.0,2025-05-30
wander.com,Typescript Engineer,,dev,https://remoteOK.com/remote-jobs/remote-typescript-engineer-wander-com-1093244,2025-05-26T01:29:59+00:00,125000.0,2025-05-30
"ACCUFILE, INC.",Research Analyst Law Librarian,,"analyst, support, analytics, legal, non tech",https://remoteOK.com/remote-jobs/remote-research-analyst-law-librarian-accufile-inc-1093240,2025-05-26T00:03:05+00:00,95000.0,2025-05-30
Hostaway,Staff Mobile Engineer React Native Europe,,"react, design, ios, saas, security, technical, testing, test, growth, web, javascript, git, api, mobile, management, android, health, engineer, backend, digital nomad",https://remoteOK.com/remote-jobs/remote-staff-mobile-engineer-react-native-europe-hostaway-1093235,2025-05-26T00:02:03+00:00,92500.0,2025-05-30
TransPerfect,English Language Data Annotator,,"react, teach, training, legal, recruitment, full-time, non tech",https://remoteOK.com/remote-jobs/remote-english-language-data-annotator-transperfect-1093234,2025-05-26T00:01:52+00:00,82500.0,2025-05-30
TransPerfect,Audio Annotator,,"voice, speech",https://remoteOK.com/remote-jobs/remote-audio-annotator-transperfect-1093233,2025-05-26T00:01:46+00:00,0.0,2025-05-30
TransPerfect,Freelance English Annotator United States,,"voice, speech",https://remoteOK.com/remote-jobs/remote-freelance-english-annotator-united-states-transperfect-1093230,2025-05-26T00:00:34+00:00,0.0,2025-05-30
Contra,Senior Software Engineer,,"engineer, full stack, dev",https://remoteOK.com/remote-jobs/remote-senior-software-engineer-contra-1093221,2025-05-23T14:44:28+00:00,135000.0,2025-05-30
Sei Labs,Software Engineer Backend Fullstack,,"software, web3, full-stack, cloud, management, engineer, engineering, backend, fullstack",https://remoteOK.com/remote-jobs/remote-software-engineer-backend-fullstack-sei-labs-1093215,2025-05-22T12:00:03+00:00,72500.0,2025-05-30
Prime design and build,project manager,,"project manager, excel, design, other",https://remoteOK.com/remote-jobs/remote-project-manager-prime-design-and-build-1093210,2025-05-21T23:37:25+00:00,20000.0,2025-05-30
AE Virtual Class,Languages Instructors,,other,https://remoteOK.com/remote-jobs/remote-languages-instructors-ae-virtual-class-1093209,2025-05-21T21:44:44+00:00,10000.0,2025-05-30
Ringbook,Senior Full Stack developer,,"senior, dev, full stack",https://remoteOK.com/remote-jobs/remote-senior-full-stack-developer-ringbook-1093206,2025-05-20T21:53:04+00:00,25000.0,2025-05-30
Coin Market Cap Ltd,TikTok Video Director,,"director, design, web3, copywriting, video, post-production, seo, content, analytics, digital nomad",https://remoteOK.com/remote-jobs/remote-tiktok-video-director-coin-market-cap-ltd-1093205,2025-05-20T18:00:02+00:00,67500.0,2025-05-30
EnableComp,Associate Attorney,,"training, support, growth, financial, strategy, management, senior, legal, health, healthcare",https://remoteOK.com/remote-jobs/remote-associate-attorney-enablecomp-1093185,2025-05-16T00:00:06+00:00,121250.0,2025-05-30
,,,"sales, non tech",https://remoteOK.com/remote-jobs/remote-1093182,2025-05-15T18:00:01+00:00,53750.0,2025-05-30
Interaction Design Foundation,Member Support Unicorn,,"admin, customer support, social media",https://remoteOK.com/remote-jobs/remote-member-support-unicorn-interaction-design-foundation-1093181,2025-05-15T11:41:41+00:00,380000.0,2025-05-30
Notabene,Staff Frontend Engineer,,"frontend, design, crypto, cryptocurrency, system, front-end, security, full-stack, technical, support, software, growth, code, web, manager, financial, fintech, typescript, lead, junior, reliability, engineer, engineering, digital nomad",https://remoteOK.com/remote-jobs/remote-staff-frontend-engineer-notabene-1093179,2025-05-15T10:00:03+00:00,90000.0,2025-05-30
Warner Music Inc.,Staff Machine Learning Engineer,,"music, design, system, training, software, cloud, junior, engineer, engineering, full-time, digital nomad",https://remoteOK.com/remote-jobs/remote-staff-machine-learning-engineer-warner-music-inc-1093176,2025-05-15T00:00:20+00:00,78750.0,2025-05-30
Qualdoc,Recruiter,NA,"system, recruiter, support, manager, microsoft, recruiting, recruitment",https://remoteOK.com/remote-jobs/remote-recruiter-qualdoc-1093175,2025-05-15T00:00:09+00:00,0.0,2025-05-30
Contra,Social Media Expert,,social media,https://remoteOK.com/remote-jobs/remote-social-media-expert-contra-1093173,2025-05-14T22:23:33+00:00,135000.0,2025-05-30
Contra,App Designer,,designer,https://remoteOK.com/remote-jobs/remote-app-designer-contra-1093171,2025-05-14T22:22:19+00:00,135000.0,2025-05-30
Daisychain,Full Stack Software Engineer,,"engineer, dev, javascript, ruby, postgres, vue, typescript, redis, aws",https://remoteOK.com/remote-jobs/remote-full-stack-software-engineer-daisychain-1093170,2025-05-14T15:01:34+00:00,115000.0,2025-05-30
Find,Commercial Content Editor,,"crypto, cryptocurrency, financial, seo, management, content, operations, sales, non tech",https://remoteOK.com/remote-jobs/remote-commercial-content-editor-find-1093167,2025-05-13T16:00:25+00:00,51250.0,2025-05-30
Oowlish Technology,Salesforce Engineer,,"salesforce, software, growth, engineer",https://remoteOK.com/remote-jobs/remote-salesforce-engineer-oowlish-technology-1093164,2025-05-13T08:00:16+00:00,92500.0,2025-05-30
WunderGraph,Senior Golang Engineer,,"golang, graphql, senior, golang, engineer",https://remoteOK.com/remote-jobs/remote-senior-golang-engineer-wundergraph-1093159,2025-05-12T10:15:02+00:00,95000.0,2025-05-30
Fullscript,Senior Data Analytics Engineer,,"design, python, technical, support, testing, growth, code, devops, financial, cloud, leader, senior, junior, analytics, health, healthcare, engineer, engineering, digital nomad",https://remoteOK.com/remote-jobs/remote-senior-data-analytics-engineer-fullscript-1093152,2025-05-10T21:00:03+00:00,93750.0,2025-05-30
Cozymeal,Digital Editorial Manager,,"manager, support, seo, lead, content",https://remoteOK.com/remote-jobs/remote-digital-editorial-manager-cozymeal-1093151,2025-05-10T13:00:08+00:00,45000.0,2025-05-30
Blotato,Senior Fullstack Software Engineer,,"dev, javascript, typescript, heroku, aws",https://remoteOK.com/remote-jobs/remote-senior-fullstack-software-engineer-blotato-1093150,2025-05-10T01:38:55+00:00,100000.0,2025-05-30
Smallstep,Sr Software Engineer Cross Platform Applications,,"golang, software, engineer",https://remoteOK.com/remote-jobs/remote-sr-software-engineer-cross-platform-applications-smallstep-1093143,2025-05-08T17:15:03+00:00,77500.0,2025-05-30
Smallstep,Sr Software Engineer Backend Web Applications,,"golang, software, web, engineer, backend",https://remoteOK.com/remote-jobs/remote-sr-software-engineer-backend-web-applications-smallstep-1093144,2025-05-08T17:15:03+00:00,77500.0,2025-05-30
Cast AI,Senior Software Engineer Hosted Team,,"golang, software, senior, engineer",https://remoteOK.com/remote-jobs/remote-senior-software-engineer-hosted-team-cast-ai-1093133,2025-05-07T09:15:04+00:00,95000.0,2025-05-30
Smallstep,Sr Software Engineer,,"golang, software, engineer",https://remoteOK.com/remote-jobs/remote-sr-software-engineer-smallstep-1093132,2025-05-07T08:15:02+00:00,77500.0,2025-05-30
Maxflow BV / CrazyGames,Senior Front End Engineer,,"design, react, front-end, frontend, designer, code, manager, typescript, senior, analytics, engineer, engineering, digital nomad",https://remoteOK.com/remote-jobs/remote-senior-front-end-engineer-maxflow-bv-crazygames-1093131,2025-05-07T08:01:50+00:00,95000.0,2025-05-30
Tether Operations Limited,Technical Documentation Engineer,,"bitcoin, technical, writer, support, growth, code, financial, fintech, git, node.js, leader, ops, engineer",https://remoteOK.com/remote-jobs/remote-technical-documentation-engineer-tether-operations-limited-1093130,2025-05-07T08:01:42+00:00,87500.0,2025-05-30
TransPerfect,Dutch Content Creator,,content,https://remoteOK.com/remote-jobs/remote-dutch-content-creator-transperfect-1093129,2025-05-07T08:01:32+00:00,0.0,2025-05-30
Hostaway,Product Marketing Manager Europe,,"manager, saas, testing, growth, education, strategy, marketing, sales, health",https://remoteOK.com/remote-jobs/remote-product-marketing-manager-europe-hostaway-1093128,2025-05-07T08:01:24+00:00,56250.0,2025-05-30
Actindo AG,Account Executive,,"saas, software, sales, backend, executive",https://remoteOK.com/remote-jobs/remote-account-executive-actindo-ag-1093126,2025-05-07T08:00:55+00:00,62500.0,2025-05-30
